"Number","ID","Title","Repo","LedgerStatus","Criterion","TestPath","TestExists","Commit","CommitExists","TouchedPaths"
"1","P-5-c-b","Health, boot validation, graceful shutdown","playlist, wrap","DONE","Rolling restart in compose drops no requests or jobs","tests/test_lifecycle.py; scripts/rolling_restart_test.sh","False","786e940","True","docs/TASK_LEDGER.md;scripts/rolling_restart_test.sh;tests/test_lifecycle.py"
"2","F1-8","Sign-in page and auth guard","web","DONE","Refresh keeps user signed in; expired session sends to sign-in","web/tests/auth.test.tsx","True","15d41bd","True","web/.gitignore;web/.oxlintrc.json;web/README.md;web/index.html;web/package-lock.json;web/package.json;web/public/favicon.svg;web/public/icons.svg;web/src/App.css;web/src/App.tsx;web/src/assets/hero.png;web/src/assets/react.svg;web/src/assets/vite.svg;web/src/components/AuthPage.tsx;web/src/components/CollaborationUI.tsx;web/src/components/DownloadUI.tsx;web/src/components/GenerationWizard.tsx;web/src/components/LyricsScreen.tsx;web/src/components/Navigation.tsx;web/src/components/NowPlayingBar.tsx;web/src/components/PerformanceDashboard.tsx;web/src/components/PlaylistUI.tsx;web/src/components/QueueDrawer.tsx;web/src/components/RecommendationUI.tsx;web/src/components/SearchUI.tsx;web/src/components/WrapUI.tsx;web/src/context/AuthContext.tsx;web/src/context/BackdropContext.tsx;web/src/context/PlayerContext.tsx;web/src/data/mockData.ts;web/src/index.css;web/src/main.tsx;web/src/pages/DiscoverPage.tsx;web/src/pages/LyricsPage.tsx;web/src/pages/MetricsPage.tsx;web/src/pages/PlaylistsPage.tsx;web/src/pages/WizardPage.tsx;web/src/pages/WrapPage.tsx;web/src/services/apiClient.ts;web/src/services/eventBuffer.ts;web/src/test/setup.ts;web/src/types/index.ts;web/src/vite-env.d.ts;web/tests/a11y.test.tsx;web/tests/app_shell.test.tsx;web/tests/auth.test.tsx;web/tests/backdrop_upload.test.tsx;web/tests/backdrops.test.tsx;web/tests/collab_ui.test.tsx;web/tests/core_pages.test.tsx;web/tests/download.test.tsx;web/tests/event_buffer.test.tsx;web/tests/lyrics_screen.test.tsx;web/tests/lyrics_sync.test.tsx;web/tests/now_playing.test.tsx;web/tests/perf.test.tsx;web/tests/player.test.tsx;web/tests/player_queue.test.tsx;web/tests/playlist_ui.test.tsx;web/tests/realtime_client.test.tsx;web/tests/recommendations.test.tsx;web/tests/search.test.tsx;web/tests/wizard.test.tsx;web/tests/wrap_ui.test.tsx;web/tsconfig.app.json;web/tsconfig.json;web/tsconfig.node.json;web/vite.config.ts"
"3","F2-6","Search UI","web","DONE","Fast typing = one request per pause; errors show retry","web/tests/search.test.tsx","True","15d41bd","True","web/.gitignore;web/.oxlintrc.json;web/README.md;web/index.html;web/package-lock.json;web/package.json;web/public/favicon.svg;web/public/icons.svg;web/src/App.css;web/src/App.tsx;web/src/assets/hero.png;web/src/assets/react.svg;web/src/assets/vite.svg;web/src/components/AuthPage.tsx;web/src/components/CollaborationUI.tsx;web/src/components/DownloadUI.tsx;web/src/components/GenerationWizard.tsx;web/src/components/LyricsScreen.tsx;web/src/components/Navigation.tsx;web/src/components/NowPlayingBar.tsx;web/src/components/PerformanceDashboard.tsx;web/src/components/PlaylistUI.tsx;web/src/components/QueueDrawer.tsx;web/src/components/RecommendationUI.tsx;web/src/components/SearchUI.tsx;web/src/components/WrapUI.tsx;web/src/context/AuthContext.tsx;web/src/context/BackdropContext.tsx;web/src/context/PlayerContext.tsx;web/src/data/mockData.ts;web/src/index.css;web/src/main.tsx;web/src/pages/DiscoverPage.tsx;web/src/pages/LyricsPage.tsx;web/src/pages/MetricsPage.tsx;web/src/pages/PlaylistsPage.tsx;web/src/pages/WizardPage.tsx;web/src/pages/WrapPage.tsx;web/src/services/apiClient.ts;web/src/services/eventBuffer.ts;web/src/test/setup.ts;web/src/types/index.ts;web/src/vite-env.d.ts;web/tests/a11y.test.tsx;web/tests/app_shell.test.tsx;web/tests/auth.test.tsx;web/tests/backdrop_upload.test.tsx;web/tests/backdrops.test.tsx;web/tests/collab_ui.test.tsx;web/tests/core_pages.test.tsx;web/tests/download.test.tsx;web/tests/event_buffer.test.tsx;web/tests/lyrics_screen.test.tsx;web/tests/lyrics_sync.test.tsx;web/tests/now_playing.test.tsx;web/tests/perf.test.tsx;web/tests/player.test.tsx;web/tests/player_queue.test.tsx;web/tests/playlist_ui.test.tsx;web/tests/realtime_client.test.tsx;web/tests/recommendations.test.tsx;web/tests/search.test.tsx;web/tests/wizard.test.tsx;web/tests/wrap_ui.test.tsx;web/tsconfig.app.json;web/tsconfig.json;web/tsconfig.node.json;web/vite.config.ts"
"4","F3-18","Audio player","web","DONE","Long track keeps playing across a link expiry","web/tests/player.test.tsx","True","15d41bd","True","web/.gitignore;web/.oxlintrc.json;web/README.md;web/index.html;web/package-lock.json;web/package.json;web/public/favicon.svg;web/public/icons.svg;web/src/App.css;web/src/App.tsx;web/src/assets/hero.png;web/src/assets/react.svg;web/src/assets/vite.svg;web/src/components/AuthPage.tsx;web/src/components/CollaborationUI.tsx;web/src/components/DownloadUI.tsx;web/src/components/GenerationWizard.tsx;web/src/components/LyricsScreen.tsx;web/src/components/Navigation.tsx;web/src/components/NowPlayingBar.tsx;web/src/components/PerformanceDashboard.tsx;web/src/components/PlaylistUI.tsx;web/src/components/QueueDrawer.tsx;web/src/components/RecommendationUI.tsx;web/src/components/SearchUI.tsx;web/src/components/WrapUI.tsx;web/src/context/AuthContext.tsx;web/src/context/BackdropContext.tsx;web/src/context/PlayerContext.tsx;web/src/data/mockData.ts;web/src/index.css;web/src/main.tsx;web/src/pages/DiscoverPage.tsx;web/src/pages/LyricsPage.tsx;web/src/pages/MetricsPage.tsx;web/src/pages/PlaylistsPage.tsx;web/src/pages/WizardPage.tsx;web/src/pages/WrapPage.tsx;web/src/services/apiClient.ts;web/src/services/eventBuffer.ts;web/src/test/setup.ts;web/src/types/index.ts;web/src/vite-env.d.ts;web/tests/a11y.test.tsx;web/tests/app_shell.test.tsx;web/tests/auth.test.tsx;web/tests/backdrop_upload.test.tsx;web/tests/backdrops.test.tsx;web/tests/collab_ui.test.tsx;web/tests/core_pages.test.tsx;web/tests/download.test.tsx;web/tests/event_buffer.test.tsx;web/tests/lyrics_screen.test.tsx;web/tests/lyrics_sync.test.tsx;web/tests/now_playing.test.tsx;web/tests/perf.test.tsx;web/tests/player.test.tsx;web/tests/player_queue.test.tsx;web/tests/playlist_ui.test.tsx;web/tests/realtime_client.test.tsx;web/tests/recommendations.test.tsx;web/tests/search.test.tsx;web/tests/wizard.test.tsx;web/tests/wrap_ui.test.tsx;web/tsconfig.app.json;web/tsconfig.json;web/tsconfig.node.json;web/vite.config.ts"
"5","F3-19-b","Performance targets","web","DONE","Dashboards show p95 vs targets","web/tests/perf.test.tsx","True","15d41bd","True","web/.gitignore;web/.oxlintrc.json;web/README.md;web/index.html;web/package-lock.json;web/package.json;web/public/favicon.svg;web/public/icons.svg;web/src/App.css;web/src/App.tsx;web/src/assets/hero.png;web/src/assets/react.svg;web/src/assets/vite.svg;web/src/components/AuthPage.tsx;web/src/components/CollaborationUI.tsx;web/src/components/DownloadUI.tsx;web/src/components/GenerationWizard.tsx;web/src/components/LyricsScreen.tsx;web/src/components/Navigation.tsx;web/src/components/NowPlayingBar.tsx;web/src/components/PerformanceDashboard.tsx;web/src/components/PlaylistUI.tsx;web/src/components/QueueDrawer.tsx;web/src/components/RecommendationUI.tsx;web/src/components/SearchUI.tsx;web/src/components/WrapUI.tsx;web/src/context/AuthContext.tsx;web/src/context/BackdropContext.tsx;web/src/context/PlayerContext.tsx;web/src/data/mockData.ts;web/src/index.css;web/src/main.tsx;web/src/pages/DiscoverPage.tsx;web/src/pages/LyricsPage.tsx;web/src/pages/MetricsPage.tsx;web/src/pages/PlaylistsPage.tsx;web/src/pages/WizardPage.tsx;web/src/pages/WrapPage.tsx;web/src/services/apiClient.ts;web/src/services/eventBuffer.ts;web/src/test/setup.ts;web/src/types/index.ts;web/src/vite-env.d.ts;web/tests/a11y.test.tsx;web/tests/app_shell.test.tsx;web/tests/auth.test.tsx;web/tests/backdrop_upload.test.tsx;web/tests/backdrops.test.tsx;web/tests/collab_ui.test.tsx;web/tests/core_pages.test.tsx;web/tests/download.test.tsx;web/tests/event_buffer.test.tsx;web/tests/lyrics_screen.test.tsx;web/tests/lyrics_sync.test.tsx;web/tests/now_playing.test.tsx;web/tests/perf.test.tsx;web/tests/player.test.tsx;web/tests/player_queue.test.tsx;web/tests/playlist_ui.test.tsx;web/tests/realtime_client.test.tsx;web/tests/recommendations.test.tsx;web/tests/search.test.tsx;web/tests/wizard.test.tsx;web/tests/wrap_ui.test.tsx;web/tsconfig.app.json;web/tsconfig.json;web/tsconfig.node.json;web/vite.config.ts"
"6","F5-7","Now-playing metadata panel","web","DONE","Renders with missing fields; updates after enrichment","web/tests/now_playing.test.tsx","True","15d41bd","True","web/.gitignore;web/.oxlintrc.json;web/README.md;web/index.html;web/package-lock.json;web/package.json;web/public/favicon.svg;web/public/icons.svg;web/src/App.css;web/src/App.tsx;web/src/assets/hero.png;web/src/assets/react.svg;web/src/assets/vite.svg;web/src/components/AuthPage.tsx;web/src/components/CollaborationUI.tsx;web/src/components/DownloadUI.tsx;web/src/components/GenerationWizard.tsx;web/src/components/LyricsScreen.tsx;web/src/components/Navigation.tsx;web/src/components/NowPlayingBar.tsx;web/src/components/PerformanceDashboard.tsx;web/src/components/PlaylistUI.tsx;web/src/components/QueueDrawer.tsx;web/src/components/RecommendationUI.tsx;web/src/components/SearchUI.tsx;web/src/components/WrapUI.tsx;web/src/context/AuthContext.tsx;web/src/context/BackdropContext.tsx;web/src/context/PlayerContext.tsx;web/src/data/mockData.ts;web/src/index.css;web/src/main.tsx;web/src/pages/DiscoverPage.tsx;web/src/pages/LyricsPage.tsx;web/src/pages/MetricsPage.tsx;web/src/pages/PlaylistsPage.tsx;web/src/pages/WizardPage.tsx;web/src/pages/WrapPage.tsx;web/src/services/apiClient.ts;web/src/services/eventBuffer.ts;web/src/test/setup.ts;web/src/types/index.ts;web/src/vite-env.d.ts;web/tests/a11y.test.tsx;web/tests/app_shell.test.tsx;web/tests/auth.test.tsx;web/tests/backdrop_upload.test.tsx;web/tests/backdrops.test.tsx;web/tests/collab_ui.test.tsx;web/tests/core_pages.test.tsx;web/tests/download.test.tsx;web/tests/event_buffer.test.tsx;web/tests/lyrics_screen.test.tsx;web/tests/lyrics_sync.test.tsx;web/tests/now_playing.test.tsx;web/tests/perf.test.tsx;web/tests/player.test.tsx;web/tests/player_queue.test.tsx;web/tests/playlist_ui.test.tsx;web/tests/realtime_client.test.tsx;web/tests/recommendations.test.tsx;web/tests/search.test.tsx;web/tests/wizard.test.tsx;web/tests/wrap_ui.test.tsx;web/tsconfig.app.json;web/tsconfig.json;web/tsconfig.node.json;web/vite.config.ts"
"7","F6-3","Download UI","web","DONE","Works on desktop and mobile browsers","web/tests/download.test.tsx","True","15d41bd","True","web/.gitignore;web/.oxlintrc.json;web/README.md;web/index.html;web/package-lock.json;web/package.json;web/public/favicon.svg;web/public/icons.svg;web/src/App.css;web/src/App.tsx;web/src/assets/hero.png;web/src/assets/react.svg;web/src/assets/vite.svg;web/src/components/AuthPage.tsx;web/src/components/CollaborationUI.tsx;web/src/components/DownloadUI.tsx;web/src/components/GenerationWizard.tsx;web/src/components/LyricsScreen.tsx;web/src/components/Navigation.tsx;web/src/components/NowPlayingBar.tsx;web/src/components/PerformanceDashboard.tsx;web/src/components/PlaylistUI.tsx;web/src/components/QueueDrawer.tsx;web/src/components/RecommendationUI.tsx;web/src/components/SearchUI.tsx;web/src/components/WrapUI.tsx;web/src/context/AuthContext.tsx;web/src/context/BackdropContext.tsx;web/src/context/PlayerContext.tsx;web/src/data/mockData.ts;web/src/index.css;web/src/main.tsx;web/src/pages/DiscoverPage.tsx;web/src/pages/LyricsPage.tsx;web/src/pages/MetricsPage.tsx;web/src/pages/PlaylistsPage.tsx;web/src/pages/WizardPage.tsx;web/src/pages/WrapPage.tsx;web/src/services/apiClient.ts;web/src/services/eventBuffer.ts;web/src/test/setup.ts;web/src/types/index.ts;web/src/vite-env.d.ts;web/tests/a11y.test.tsx;web/tests/app_shell.test.tsx;web/tests/auth.test.tsx;web/tests/backdrop_upload.test.tsx;web/tests/backdrops.test.tsx;web/tests/collab_ui.test.tsx;web/tests/core_pages.test.tsx;web/tests/download.test.tsx;web/tests/event_buffer.test.tsx;web/tests/lyrics_screen.test.tsx;web/tests/lyrics_sync.test.tsx;web/tests/now_playing.test.tsx;web/tests/perf.test.tsx;web/tests/player.test.tsx;web/tests/player_queue.test.tsx;web/tests/playlist_ui.test.tsx;web/tests/realtime_client.test.tsx;web/tests/recommendations.test.tsx;web/tests/search.test.tsx;web/tests/wizard.test.tsx;web/tests/wrap_ui.test.tsx;web/tsconfig.app.json;web/tsconfig.json;web/tsconfig.node.json;web/vite.config.ts"
"8","F7-11","Recommendation UI","web","DONE","Interactions appear in activity data","web/tests/recommendations.test.tsx","True","15d41bd","True","web/.gitignore;web/.oxlintrc.json;web/README.md;web/index.html;web/package-lock.json;web/package.json;web/public/favicon.svg;web/public/icons.svg;web/src/App.css;web/src/App.tsx;web/src/assets/hero.png;web/src/assets/react.svg;web/src/assets/vite.svg;web/src/components/AuthPage.tsx;web/src/components/CollaborationUI.tsx;web/src/components/DownloadUI.tsx;web/src/components/GenerationWizard.tsx;web/src/components/LyricsScreen.tsx;web/src/components/Navigation.tsx;web/src/components/NowPlayingBar.tsx;web/src/components/PerformanceDashboard.tsx;web/src/components/PlaylistUI.tsx;web/src/components/QueueDrawer.tsx;web/src/components/RecommendationUI.tsx;web/src/components/SearchUI.tsx;web/src/components/WrapUI.tsx;web/src/context/AuthContext.tsx;web/src/context/BackdropContext.tsx;web/src/context/PlayerContext.tsx;web/src/data/mockData.ts;web/src/index.css;web/src/main.tsx;web/src/pages/DiscoverPage.tsx;web/src/pages/LyricsPage.tsx;web/src/pages/MetricsPage.tsx;web/src/pages/PlaylistsPage.tsx;web/src/pages/WizardPage.tsx;web/src/pages/WrapPage.tsx;web/src/services/apiClient.ts;web/src/services/eventBuffer.ts;web/src/test/setup.ts;web/src/types/index.ts;web/src/vite-env.d.ts;web/tests/a11y.test.tsx;web/tests/app_shell.test.tsx;web/tests/auth.test.tsx;web/tests/backdrop_upload.test.tsx;web/tests/backdrops.test.tsx;web/tests/collab_ui.test.tsx;web/tests/core_pages.test.tsx;web/tests/download.test.tsx;web/tests/event_buffer.test.tsx;web/tests/lyrics_screen.test.tsx;web/tests/lyrics_sync.test.tsx;web/tests/now_playing.test.tsx;web/tests/perf.test.tsx;web/tests/player.test.tsx;web/tests/player_queue.test.tsx;web/tests/playlist_ui.test.tsx;web/tests/realtime_client.test.tsx;web/tests/recommendations.test.tsx;web/tests/search.test.tsx;web/tests/wizard.test.tsx;web/tests/wrap_ui.test.tsx;web/tsconfig.app.json;web/tsconfig.json;web/tsconfig.node.json;web/vite.config.ts"
"9","F9-3-b","Redis drafts","playlist","DONE","Drafts expire cleanly","playlist-service/tests/test_drafts.py","True","6f38eb2","True","playlist-service/tests/test_drafts.py"
"10","F9-4","Save draft as playlist","playlist","DONE","Failed save leaves no partial playlist","playlist-service/tests/test_save_draft.py","True","9714acf","True","playlist-service/tests/test_save_draft.py"
"11","F9-5","Generation wizard UI","web","DONE","Generate, adjust, save without leaving the flow","web/tests/wizard.test.tsx","True","15d41bd","True","web/.gitignore;web/.oxlintrc.json;web/README.md;web/index.html;web/package-lock.json;web/package.json;web/public/favicon.svg;web/public/icons.svg;web/src/App.css;web/src/App.tsx;web/src/assets/hero.png;web/src/assets/react.svg;web/src/assets/vite.svg;web/src/components/AuthPage.tsx;web/src/components/CollaborationUI.tsx;web/src/components/DownloadUI.tsx;web/src/components/GenerationWizard.tsx;web/src/components/LyricsScreen.tsx;web/src/components/Navigation.tsx;web/src/components/NowPlayingBar.tsx;web/src/components/PerformanceDashboard.tsx;web/src/components/PlaylistUI.tsx;web/src/components/QueueDrawer.tsx;web/src/components/RecommendationUI.tsx;web/src/components/SearchUI.tsx;web/src/components/WrapUI.tsx;web/src/context/AuthContext.tsx;web/src/context/BackdropContext.tsx;web/src/context/PlayerContext.tsx;web/src/data/mockData.ts;web/src/index.css;web/src/main.tsx;web/src/pages/DiscoverPage.tsx;web/src/pages/LyricsPage.tsx;web/src/pages/MetricsPage.tsx;web/src/pages/PlaylistsPage.tsx;web/src/pages/WizardPage.tsx;web/src/pages/WrapPage.tsx;web/src/services/apiClient.ts;web/src/services/eventBuffer.ts;web/src/test/setup.ts;web/src/types/index.ts;web/src/vite-env.d.ts;web/tests/a11y.test.tsx;web/tests/app_shell.test.tsx;web/tests/auth.test.tsx;web/tests/backdrop_upload.test.tsx;web/tests/backdrops.test.tsx;web/tests/collab_ui.test.tsx;web/tests/core_pages.test.tsx;web/tests/download.test.tsx;web/tests/event_buffer.test.tsx;web/tests/lyrics_screen.test.tsx;web/tests/lyrics_sync.test.tsx;web/tests/now_playing.test.tsx;web/tests/perf.test.tsx;web/tests/player.test.tsx;web/tests/player_queue.test.tsx;web/tests/playlist_ui.test.tsx;web/tests/realtime_client.test.tsx;web/tests/recommendations.test.tsx;web/tests/search.test.tsx;web/tests/wizard.test.tsx;web/tests/wrap_ui.test.tsx;web/tsconfig.app.json;web/tsconfig.json;web/tsconfig.node.json;web/vite.config.ts"
"12","F10-1","Playlist CRUD with authz","playlist","DONE","Authz tests cover every role on every route","playlist-service/tests/test_authz.py","True","37ae21f","True","playlist-service/migrations/001_initial_playlist_schema.sql;playlist-service/playlist_service/config.py;playlist-service/playlist_service/drafts.py;playlist-service/playlist_service/main.py;playlist-service/playlist_service/models.py;playlist-service/playlist_service/repository.py;playlist-service/playlist_service/routes/drafts.py;playlist-service/playlist_service/routes/internal.py;playlist-service/playlist_service/routes/playlists.py;playlist-service/playlist_service/service.py;playlist-service/tests/test_authz.py"
"13","F10-2","Optimistic locking","playlist","DONE","Two concurrent edits = one success + one conflict","playlist-service/tests/test_optimistic_lock.py","True","5f72ea4","True","playlist-service/tests/test_optimistic_lock.py"
"14","F10-3","Fractional-index positions","playlist","DONE","Moving an item never rewrites the list","playlist-service/tests/test_fractional.py","True","9235907","True","playlist-service/playlist_service/fractional.py;playlist-service/tests/test_fractional.py"
"15","F10-4","Add/remove/reorder items","playlist","DONE","All operations atomic and logged","playlist-service/tests/test_items_atomic.py","True","aea218f","True","playlist-service/tests/test_items_atomic.py"
"16","F10-5-a-b","Playlists as playback source and context","playlist","DONE","Playback endpoint returns ordered items; context caps at 50","playlist-service/tests/test_playback_context.py","True","a90852e","True","playlist-service/tests/test_authz.py;playlist-service/tests/test_playback_context.py"
"17","F10-6","Playlist UI","web","DONE","Stale edit shows clear message and recovers, no data loss","web/tests/playlist_ui.test.tsx","True","15d41bd","True","web/.gitignore;web/.oxlintrc.json;web/README.md;web/index.html;web/package-lock.json;web/package.json;web/public/favicon.svg;web/public/icons.svg;web/src/App.css;web/src/App.tsx;web/src/assets/hero.png;web/src/assets/react.svg;web/src/assets/vite.svg;web/src/components/AuthPage.tsx;web/src/components/CollaborationUI.tsx;web/src/components/DownloadUI.tsx;web/src/components/GenerationWizard.tsx;web/src/components/LyricsScreen.tsx;web/src/components/Navigation.tsx;web/src/components/NowPlayingBar.tsx;web/src/components/PerformanceDashboard.tsx;web/src/components/PlaylistUI.tsx;web/src/components/QueueDrawer.tsx;web/src/components/RecommendationUI.tsx;web/src/components/SearchUI.tsx;web/src/components/WrapUI.tsx;web/src/context/AuthContext.tsx;web/src/context/BackdropContext.tsx;web/src/context/PlayerContext.tsx;web/src/data/mockData.ts;web/src/index.css;web/src/main.tsx;web/src/pages/DiscoverPage.tsx;web/src/pages/LyricsPage.tsx;web/src/pages/MetricsPage.tsx;web/src/pages/PlaylistsPage.tsx;web/src/pages/WizardPage.tsx;web/src/pages/WrapPage.tsx;web/src/services/apiClient.ts;web/src/services/eventBuffer.ts;web/src/test/setup.ts;web/src/types/index.ts;web/src/vite-env.d.ts;web/tests/a11y.test.tsx;web/tests/app_shell.test.tsx;web/tests/auth.test.tsx;web/tests/backdrop_upload.test.tsx;web/tests/backdrops.test.tsx;web/tests/collab_ui.test.tsx;web/tests/core_pages.test.tsx;web/tests/download.test.tsx;web/tests/event_buffer.test.tsx;web/tests/lyrics_screen.test.tsx;web/tests/lyrics_sync.test.tsx;web/tests/now_playing.test.tsx;web/tests/perf.test.tsx;web/tests/player.test.tsx;web/tests/player_queue.test.tsx;web/tests/playlist_ui.test.tsx;web/tests/realtime_client.test.tsx;web/tests/recommendations.test.tsx;web/tests/search.test.tsx;web/tests/wizard.test.tsx;web/tests/wrap_ui.test.tsx;web/tsconfig.app.json;web/tsconfig.json;web/tsconfig.node.json;web/vite.config.ts"
"18","F11-1","Collaborators and invites","playlist","DONE","Invite redeemable once; expired fail","playlist-service/tests/test_invites.py","True","7523d34","True","Changelog.md;docs/TASK_LEDGER.md;playlist-service/playlist_service/invites.py;playlist-service/playlist_service/service.py;playlist-service/tests/test_invites.py"
"19","F11-2-a","WebSocket connection","playlist","DONE","Handshake validates auth; 50 socket cluster limit enforced","playlist-service/tests/test_ws_connection.py","True","2ff67c8","True","Changelog.md;docs/TASK_LEDGER.md;playlist-service/playlist_service/main.py;playlist-service/playlist_service/routes/ws.py;playlist-service/playlist_service/service.py;playlist-service/playlist_service/ws.py;playlist-service/tests/test_ws_connection.py"
"20","F11-3","Edit message protocol","playlist","DONE","Viewer's edit rejected on open socket","playlist-service/tests/test_ws_protocol.py","True","f711854","True","Changelog.md;docs/TASK_LEDGER.md;playlist-service/playlist_service/ws.py;playlist-service/tests/test_ws_protocol.py"
"21","F11-4","Versioned updates, conflict snapshots","playlist","DONE","Concurrent edits converge for all participants","playlist-service/tests/test_ws_convergence.py","True","62d048c","True","Changelog.md;docs/TASK_LEDGER.md;playlist-service/tests/test_ws_convergence.py"
"22","F11-5","Redis pub/sub fan-out","playlist","DONE","Clients on different instances see each other's edits","playlist-service/tests/test_ws_pubsub.py","True","6adc8c5","True","Changelog.md;docs/TASK_LEDGER.md;playlist-service/playlist_service/ws.py;playlist-service/tests/test_ws_pubsub.py"
"23","F11-6","Close codes and shutdown behavior","playlist","DONE","Rolling deploy causes reconnects without data loss","playlist-service/tests/test_ws_shutdown.py","True","1072658","True","Changelog.md;docs/TASK_LEDGER.md;playlist-service/tests/test_ws_shutdown.py"
"24","F12-1-b","Collaborative AI trigger","playlist","DONE","Rapid editing = one suggestion job per window","playlist-service/tests/test_collab_ai_trigger.py","True","2e82849","True","Changelog.md;docs/TASK_LEDGER.md;playlist-service/playlist_service/ws.py;playlist-service/tests/test_collab_ai_trigger.py"
"25","F12-3-b","Broadcast suggestions","playlist","DONE","Accepted songs added via normal versioned edit path","playlist-service/tests/test_broadcast_suggestions.py","True","11b94d7","True","Changelog.md;docs/TASK_LEDGER.md;playlist-service/playlist_service/ws.py;playlist-service/tests/test_broadcast_suggestions.py"
"26","F12-4","Collaboration UI","web","DONE","Two browsers edit same playlist and stay in sync","web/tests/collab_ui.test.tsx","True","15d41bd","True","web/.gitignore;web/.oxlintrc.json;web/README.md;web/index.html;web/package-lock.json;web/package.json;web/public/favicon.svg;web/public/icons.svg;web/src/App.css;web/src/App.tsx;web/src/assets/hero.png;web/src/assets/react.svg;web/src/assets/vite.svg;web/src/components/AuthPage.tsx;web/src/components/CollaborationUI.tsx;web/src/components/DownloadUI.tsx;web/src/components/GenerationWizard.tsx;web/src/components/LyricsScreen.tsx;web/src/components/Navigation.tsx;web/src/components/NowPlayingBar.tsx;web/src/components/PerformanceDashboard.tsx;web/src/components/PlaylistUI.tsx;web/src/components/QueueDrawer.tsx;web/src/components/RecommendationUI.tsx;web/src/components/SearchUI.tsx;web/src/components/WrapUI.tsx;web/src/context/AuthContext.tsx;web/src/context/BackdropContext.tsx;web/src/context/PlayerContext.tsx;web/src/data/mockData.ts;web/src/index.css;web/src/main.tsx;web/src/pages/DiscoverPage.tsx;web/src/pages/LyricsPage.tsx;web/src/pages/MetricsPage.tsx;web/src/pages/PlaylistsPage.tsx;web/src/pages/WizardPage.tsx;web/src/pages/WrapPage.tsx;web/src/services/apiClient.ts;web/src/services/eventBuffer.ts;web/src/test/setup.ts;web/src/types/index.ts;web/src/vite-env.d.ts;web/tests/a11y.test.tsx;web/tests/app_shell.test.tsx;web/tests/auth.test.tsx;web/tests/backdrop_upload.test.tsx;web/tests/backdrops.test.tsx;web/tests/collab_ui.test.tsx;web/tests/core_pages.test.tsx;web/tests/download.test.tsx;web/tests/event_buffer.test.tsx;web/tests/lyrics_screen.test.tsx;web/tests/lyrics_sync.test.tsx;web/tests/now_playing.test.tsx;web/tests/perf.test.tsx;web/tests/player.test.tsx;web/tests/player_queue.test.tsx;web/tests/playlist_ui.test.tsx;web/tests/realtime_client.test.tsx;web/tests/recommendations.test.tsx;web/tests/search.test.tsx;web/tests/wizard.test.tsx;web/tests/wrap_ui.test.tsx;web/tsconfig.app.json;web/tsconfig.json;web/tsconfig.node.json;web/vite.config.ts"
"27","F13-3","Client lyric sync","web","DONE","Seeking updates highlighted line instantly","web/tests/lyrics_sync.test.tsx","True","15d41bd","True","web/.gitignore;web/.oxlintrc.json;web/README.md;web/index.html;web/package-lock.json;web/package.json;web/public/favicon.svg;web/public/icons.svg;web/src/App.css;web/src/App.tsx;web/src/assets/hero.png;web/src/assets/react.svg;web/src/assets/vite.svg;web/src/components/AuthPage.tsx;web/src/components/CollaborationUI.tsx;web/src/components/DownloadUI.tsx;web/src/components/GenerationWizard.tsx;web/src/components/LyricsScreen.tsx;web/src/components/Navigation.tsx;web/src/components/NowPlayingBar.tsx;web/src/components/PerformanceDashboard.tsx;web/src/components/PlaylistUI.tsx;web/src/components/QueueDrawer.tsx;web/src/components/RecommendationUI.tsx;web/src/components/SearchUI.tsx;web/src/components/WrapUI.tsx;web/src/context/AuthContext.tsx;web/src/context/BackdropContext.tsx;web/src/context/PlayerContext.tsx;web/src/data/mockData.ts;web/src/index.css;web/src/main.tsx;web/src/pages/DiscoverPage.tsx;web/src/pages/LyricsPage.tsx;web/src/pages/MetricsPage.tsx;web/src/pages/PlaylistsPage.tsx;web/src/pages/WizardPage.tsx;web/src/pages/WrapPage.tsx;web/src/services/apiClient.ts;web/src/services/eventBuffer.ts;web/src/test/setup.ts;web/src/types/index.ts;web/src/vite-env.d.ts;web/tests/a11y.test.tsx;web/tests/app_shell.test.tsx;web/tests/auth.test.tsx;web/tests/backdrop_upload.test.tsx;web/tests/backdrops.test.tsx;web/tests/collab_ui.test.tsx;web/tests/core_pages.test.tsx;web/tests/download.test.tsx;web/tests/event_buffer.test.tsx;web/tests/lyrics_screen.test.tsx;web/tests/lyrics_sync.test.tsx;web/tests/now_playing.test.tsx;web/tests/perf.test.tsx;web/tests/player.test.tsx;web/tests/player_queue.test.tsx;web/tests/playlist_ui.test.tsx;web/tests/realtime_client.test.tsx;web/tests/recommendations.test.tsx;web/tests/search.test.tsx;web/tests/wizard.test.tsx;web/tests/wrap_ui.test.tsx;web/tsconfig.app.json;web/tsconfig.json;web/tsconfig.node.json;web/vite.config.ts"
"28","F14-1","Pre-designed backdrops","web","DONE","Lyrics readable on every backdrop","web/tests/backdrops.test.tsx","True","15d41bd","True","web/.gitignore;web/.oxlintrc.json;web/README.md;web/index.html;web/package-lock.json;web/package.json;web/public/favicon.svg;web/public/icons.svg;web/src/App.css;web/src/App.tsx;web/src/assets/hero.png;web/src/assets/react.svg;web/src/assets/vite.svg;web/src/components/AuthPage.tsx;web/src/components/CollaborationUI.tsx;web/src/components/DownloadUI.tsx;web/src/components/GenerationWizard.tsx;web/src/components/LyricsScreen.tsx;web/src/components/Navigation.tsx;web/src/components/NowPlayingBar.tsx;web/src/components/PerformanceDashboard.tsx;web/src/components/PlaylistUI.tsx;web/src/components/QueueDrawer.tsx;web/src/components/RecommendationUI.tsx;web/src/components/SearchUI.tsx;web/src/components/WrapUI.tsx;web/src/context/AuthContext.tsx;web/src/context/BackdropContext.tsx;web/src/context/PlayerContext.tsx;web/src/data/mockData.ts;web/src/index.css;web/src/main.tsx;web/src/pages/DiscoverPage.tsx;web/src/pages/LyricsPage.tsx;web/src/pages/MetricsPage.tsx;web/src/pages/PlaylistsPage.tsx;web/src/pages/WizardPage.tsx;web/src/pages/WrapPage.tsx;web/src/services/apiClient.ts;web/src/services/eventBuffer.ts;web/src/test/setup.ts;web/src/types/index.ts;web/src/vite-env.d.ts;web/tests/a11y.test.tsx;web/tests/app_shell.test.tsx;web/tests/auth.test.tsx;web/tests/backdrop_upload.test.tsx;web/tests/backdrops.test.tsx;web/tests/collab_ui.test.tsx;web/tests/core_pages.test.tsx;web/tests/download.test.tsx;web/tests/event_buffer.test.tsx;web/tests/lyrics_screen.test.tsx;web/tests/lyrics_sync.test.tsx;web/tests/now_playing.test.tsx;web/tests/perf.test.tsx;web/tests/player.test.tsx;web/tests/player_queue.test.tsx;web/tests/playlist_ui.test.tsx;web/tests/realtime_client.test.tsx;web/tests/recommendations.test.tsx;web/tests/search.test.tsx;web/tests/wizard.test.tsx;web/tests/wrap_ui.test.tsx;web/tsconfig.app.json;web/tsconfig.json;web/tsconfig.node.json;web/vite.config.ts"
"29","F14-2-b","Custom backdrop upload","web","DONE","Disguised non-images rejected","web/tests/backdrop_upload.test.tsx","True","15d41bd","True","web/.gitignore;web/.oxlintrc.json;web/README.md;web/index.html;web/package-lock.json;web/package.json;web/public/favicon.svg;web/public/icons.svg;web/src/App.css;web/src/App.tsx;web/src/assets/hero.png;web/src/assets/react.svg;web/src/assets/vite.svg;web/src/components/AuthPage.tsx;web/src/components/CollaborationUI.tsx;web/src/components/DownloadUI.tsx;web/src/components/GenerationWizard.tsx;web/src/components/LyricsScreen.tsx;web/src/components/Navigation.tsx;web/src/components/NowPlayingBar.tsx;web/src/components/PerformanceDashboard.tsx;web/src/components/PlaylistUI.tsx;web/src/components/QueueDrawer.tsx;web/src/components/RecommendationUI.tsx;web/src/components/SearchUI.tsx;web/src/components/WrapUI.tsx;web/src/context/AuthContext.tsx;web/src/context/BackdropContext.tsx;web/src/context/PlayerContext.tsx;web/src/data/mockData.ts;web/src/index.css;web/src/main.tsx;web/src/pages/DiscoverPage.tsx;web/src/pages/LyricsPage.tsx;web/src/pages/MetricsPage.tsx;web/src/pages/PlaylistsPage.tsx;web/src/pages/WizardPage.tsx;web/src/pages/WrapPage.tsx;web/src/services/apiClient.ts;web/src/services/eventBuffer.ts;web/src/test/setup.ts;web/src/types/index.ts;web/src/vite-env.d.ts;web/tests/a11y.test.tsx;web/tests/app_shell.test.tsx;web/tests/auth.test.tsx;web/tests/backdrop_upload.test.tsx;web/tests/backdrops.test.tsx;web/tests/collab_ui.test.tsx;web/tests/core_pages.test.tsx;web/tests/download.test.tsx;web/tests/event_buffer.test.tsx;web/tests/lyrics_screen.test.tsx;web/tests/lyrics_sync.test.tsx;web/tests/now_playing.test.tsx;web/tests/perf.test.tsx;web/tests/player.test.tsx;web/tests/player_queue.test.tsx;web/tests/playlist_ui.test.tsx;web/tests/realtime_client.test.tsx;web/tests/recommendations.test.tsx;web/tests/search.test.tsx;web/tests/wizard.test.tsx;web/tests/wrap_ui.test.tsx;web/tsconfig.app.json;web/tsconfig.json;web/tsconfig.node.json;web/vite.config.ts"
"30","F14-4","Lyrics screen","web","DONE","Works end to end on desktop and phone","web/tests/lyrics_screen.test.tsx","True","15d41bd","True","web/.gitignore;web/.oxlintrc.json;web/README.md;web/index.html;web/package-lock.json;web/package.json;web/public/favicon.svg;web/public/icons.svg;web/src/App.css;web/src/App.tsx;web/src/assets/hero.png;web/src/assets/react.svg;web/src/assets/vite.svg;web/src/components/AuthPage.tsx;web/src/components/CollaborationUI.tsx;web/src/components/DownloadUI.tsx;web/src/components/GenerationWizard.tsx;web/src/components/LyricsScreen.tsx;web/src/components/Navigation.tsx;web/src/components/NowPlayingBar.tsx;web/src/components/PerformanceDashboard.tsx;web/src/components/PlaylistUI.tsx;web/src/components/QueueDrawer.tsx;web/src/components/RecommendationUI.tsx;web/src/components/SearchUI.tsx;web/src/components/WrapUI.tsx;web/src/context/AuthContext.tsx;web/src/context/BackdropContext.tsx;web/src/context/PlayerContext.tsx;web/src/data/mockData.ts;web/src/index.css;web/src/main.tsx;web/src/pages/DiscoverPage.tsx;web/src/pages/LyricsPage.tsx;web/src/pages/MetricsPage.tsx;web/src/pages/PlaylistsPage.tsx;web/src/pages/WizardPage.tsx;web/src/pages/WrapPage.tsx;web/src/services/apiClient.ts;web/src/services/eventBuffer.ts;web/src/test/setup.ts;web/src/types/index.ts;web/src/vite-env.d.ts;web/tests/a11y.test.tsx;web/tests/app_shell.test.tsx;web/tests/auth.test.tsx;web/tests/backdrop_upload.test.tsx;web/tests/backdrops.test.tsx;web/tests/collab_ui.test.tsx;web/tests/core_pages.test.tsx;web/tests/download.test.tsx;web/tests/event_buffer.test.tsx;web/tests/lyrics_screen.test.tsx;web/tests/lyrics_sync.test.tsx;web/tests/now_playing.test.tsx;web/tests/perf.test.tsx;web/tests/player.test.tsx;web/tests/player_queue.test.tsx;web/tests/playlist_ui.test.tsx;web/tests/realtime_client.test.tsx;web/tests/recommendations.test.tsx;web/tests/search.test.tsx;web/tests/wizard.test.tsx;web/tests/wrap_ui.test.tsx;web/tsconfig.app.json;web/tsconfig.json;web/tsconfig.node.json;web/vite.config.ts"
"31","F15-4","Client event buffer","web","DONE","Closing the tab does not lose events","web/tests/event_buffer.test.tsx","True","15d41bd","True","web/.gitignore;web/.oxlintrc.json;web/README.md;web/index.html;web/package-lock.json;web/package.json;web/public/favicon.svg;web/public/icons.svg;web/src/App.css;web/src/App.tsx;web/src/assets/hero.png;web/src/assets/react.svg;web/src/assets/vite.svg;web/src/components/AuthPage.tsx;web/src/components/CollaborationUI.tsx;web/src/components/DownloadUI.tsx;web/src/components/GenerationWizard.tsx;web/src/components/LyricsScreen.tsx;web/src/components/Navigation.tsx;web/src/components/NowPlayingBar.tsx;web/src/components/PerformanceDashboard.tsx;web/src/components/PlaylistUI.tsx;web/src/components/QueueDrawer.tsx;web/src/components/RecommendationUI.tsx;web/src/components/SearchUI.tsx;web/src/components/WrapUI.tsx;web/src/context/AuthContext.tsx;web/src/context/BackdropContext.tsx;web/src/context/PlayerContext.tsx;web/src/data/mockData.ts;web/src/index.css;web/src/main.tsx;web/src/pages/DiscoverPage.tsx;web/src/pages/LyricsPage.tsx;web/src/pages/MetricsPage.tsx;web/src/pages/PlaylistsPage.tsx;web/src/pages/WizardPage.tsx;web/src/pages/WrapPage.tsx;web/src/services/apiClient.ts;web/src/services/eventBuffer.ts;web/src/test/setup.ts;web/src/types/index.ts;web/src/vite-env.d.ts;web/tests/a11y.test.tsx;web/tests/app_shell.test.tsx;web/tests/auth.test.tsx;web/tests/backdrop_upload.test.tsx;web/tests/backdrops.test.tsx;web/tests/collab_ui.test.tsx;web/tests/core_pages.test.tsx;web/tests/download.test.tsx;web/tests/event_buffer.test.tsx;web/tests/lyrics_screen.test.tsx;web/tests/lyrics_sync.test.tsx;web/tests/now_playing.test.tsx;web/tests/perf.test.tsx;web/tests/player.test.tsx;web/tests/player_queue.test.tsx;web/tests/playlist_ui.test.tsx;web/tests/realtime_client.test.tsx;web/tests/recommendations.test.tsx;web/tests/search.test.tsx;web/tests/wizard.test.tsx;web/tests/wrap_ui.test.tsx;web/tsconfig.app.json;web/tsconfig.json;web/tsconfig.node.json;web/vite.config.ts"
"32","F17-1","Metric definitions","wrap, docs","DONE","Definitions in docs + edge-case unit tests","wrap-service/tests/test_metrics_defs.py","True","0b4f1f6","True","Changelog.md;docs/TASK_LEDGER.md;wrap-service/tests/test_metrics_defs.py;wrap-service/wrap_service/metrics_defs.py"
"33","F17-2","Aggregation","wrap","DONE","Output matches hand-calculated fixture","wrap-service/tests/test_aggregator.py","True","24ecdab","True","Changelog.md;docs/TASK_LEDGER.md;wrap-service/tests/test_aggregator.py;wrap-service/wrap_service/aggregation.py"
"34","F17-3","Scheduled generation","wrap","DONE","Reruns never double-compute","wrap-service/tests/test_scheduler.py","True","5e2435f","True","Changelog.md;docs/TASK_LEDGER.md;wrap-service/tests/test_scheduler.py;wrap-service/wrap_service/scheduler.py"
"35","F17-4","Wrap endpoints","wrap","DONE","Refresh limit returns 429 + Retry-After","wrap-service/tests/test_wrap_endpoints.py","True","6e795a5","True","Changelog.md;docs/TASK_LEDGER.md;wrap-service/tests/test_wrap_endpoints.py;wrap-service/wrap_service/caching.py;wrap-service/wrap_service/repository.py;wrap-service/wrap_service/routes/wrap.py;wrap-service/wrap_service/service.py"
"36","F17-5","Wrap caching","wrap","DONE","Repeated reads hit cache","wrap-service/tests/test_wrap_cache.py","True","2c2d05b","True","Changelog.md;docs/TASK_LEDGER.md;wrap-service/tests/test_wrap_cache.py;wrap-service/wrap_service/config.py;wrap-service/wrap_service/main.py"
"37","F17-6","Wrap UI","web","DONE","Renders correctly for little or no history","web/tests/wrap_ui.test.tsx","True","15d41bd","True","web/.gitignore;web/.oxlintrc.json;web/README.md;web/index.html;web/package-lock.json;web/package.json;web/public/favicon.svg;web/public/icons.svg;web/src/App.css;web/src/App.tsx;web/src/assets/hero.png;web/src/assets/react.svg;web/src/assets/vite.svg;web/src/components/AuthPage.tsx;web/src/components/CollaborationUI.tsx;web/src/components/DownloadUI.tsx;web/src/components/GenerationWizard.tsx;web/src/components/LyricsScreen.tsx;web/src/components/Navigation.tsx;web/src/components/NowPlayingBar.tsx;web/src/components/PerformanceDashboard.tsx;web/src/components/PlaylistUI.tsx;web/src/components/QueueDrawer.tsx;web/src/components/RecommendationUI.tsx;web/src/components/SearchUI.tsx;web/src/components/WrapUI.tsx;web/src/context/AuthContext.tsx;web/src/context/BackdropContext.tsx;web/src/context/PlayerContext.tsx;web/src/data/mockData.ts;web/src/index.css;web/src/main.tsx;web/src/pages/DiscoverPage.tsx;web/src/pages/LyricsPage.tsx;web/src/pages/MetricsPage.tsx;web/src/pages/PlaylistsPage.tsx;web/src/pages/WizardPage.tsx;web/src/pages/WrapPage.tsx;web/src/services/apiClient.ts;web/src/services/eventBuffer.ts;web/src/test/setup.ts;web/src/types/index.ts;web/src/vite-env.d.ts;web/tests/a11y.test.tsx;web/tests/app_shell.test.tsx;web/tests/auth.test.tsx;web/tests/backdrop_upload.test.tsx;web/tests/backdrops.test.tsx;web/tests/collab_ui.test.tsx;web/tests/core_pages.test.tsx;web/tests/download.test.tsx;web/tests/event_buffer.test.tsx;web/tests/lyrics_screen.test.tsx;web/tests/lyrics_sync.test.tsx;web/tests/now_playing.test.tsx;web/tests/perf.test.tsx;web/tests/player.test.tsx;web/tests/player_queue.test.tsx;web/tests/playlist_ui.test.tsx;web/tests/realtime_client.test.tsx;web/tests/recommendations.test.tsx;web/tests/search.test.tsx;web/tests/wizard.test.tsx;web/tests/wrap_ui.test.tsx;web/tsconfig.app.json;web/tsconfig.json;web/tsconfig.node.json;web/vite.config.ts"
"38","F18-1-a","App shell and API client","web","DONE","Traceparent injected, CSRF attached, SSE reconnection","web/tests/app_shell.test.tsx","True","15d41bd","True","web/.gitignore;web/.oxlintrc.json;web/README.md;web/index.html;web/package-lock.json;web/package.json;web/public/favicon.svg;web/public/icons.svg;web/src/App.css;web/src/App.tsx;web/src/assets/hero.png;web/src/assets/react.svg;web/src/assets/vite.svg;web/src/components/AuthPage.tsx;web/src/components/CollaborationUI.tsx;web/src/components/DownloadUI.tsx;web/src/components/GenerationWizard.tsx;web/src/components/LyricsScreen.tsx;web/src/components/Navigation.tsx;web/src/components/NowPlayingBar.tsx;web/src/components/PerformanceDashboard.tsx;web/src/components/PlaylistUI.tsx;web/src/components/QueueDrawer.tsx;web/src/components/RecommendationUI.tsx;web/src/components/SearchUI.tsx;web/src/components/WrapUI.tsx;web/src/context/AuthContext.tsx;web/src/context/BackdropContext.tsx;web/src/context/PlayerContext.tsx;web/src/data/mockData.ts;web/src/index.css;web/src/main.tsx;web/src/pages/DiscoverPage.tsx;web/src/pages/LyricsPage.tsx;web/src/pages/MetricsPage.tsx;web/src/pages/PlaylistsPage.tsx;web/src/pages/WizardPage.tsx;web/src/pages/WrapPage.tsx;web/src/services/apiClient.ts;web/src/services/eventBuffer.ts;web/src/test/setup.ts;web/src/types/index.ts;web/src/vite-env.d.ts;web/tests/a11y.test.tsx;web/tests/app_shell.test.tsx;web/tests/auth.test.tsx;web/tests/backdrop_upload.test.tsx;web/tests/backdrops.test.tsx;web/tests/collab_ui.test.tsx;web/tests/core_pages.test.tsx;web/tests/download.test.tsx;web/tests/event_buffer.test.tsx;web/tests/lyrics_screen.test.tsx;web/tests/lyrics_sync.test.tsx;web/tests/now_playing.test.tsx;web/tests/perf.test.tsx;web/tests/player.test.tsx;web/tests/player_queue.test.tsx;web/tests/playlist_ui.test.tsx;web/tests/realtime_client.test.tsx;web/tests/recommendations.test.tsx;web/tests/search.test.tsx;web/tests/wizard.test.tsx;web/tests/wrap_ui.test.tsx;web/tsconfig.app.json;web/tsconfig.json;web/tsconfig.node.json;web/vite.config.ts"
"39","F18-2","Player and queue UI","web","DONE","Playback persists across route changes","web/tests/player_queue.test.tsx","True","15d41bd","True","web/.gitignore;web/.oxlintrc.json;web/README.md;web/index.html;web/package-lock.json;web/package.json;web/public/favicon.svg;web/public/icons.svg;web/src/App.css;web/src/App.tsx;web/src/assets/hero.png;web/src/assets/react.svg;web/src/assets/vite.svg;web/src/components/AuthPage.tsx;web/src/components/CollaborationUI.tsx;web/src/components/DownloadUI.tsx;web/src/components/GenerationWizard.tsx;web/src/components/LyricsScreen.tsx;web/src/components/Navigation.tsx;web/src/components/NowPlayingBar.tsx;web/src/components/PerformanceDashboard.tsx;web/src/components/PlaylistUI.tsx;web/src/components/QueueDrawer.tsx;web/src/components/RecommendationUI.tsx;web/src/components/SearchUI.tsx;web/src/components/WrapUI.tsx;web/src/context/AuthContext.tsx;web/src/context/BackdropContext.tsx;web/src/context/PlayerContext.tsx;web/src/data/mockData.ts;web/src/index.css;web/src/main.tsx;web/src/pages/DiscoverPage.tsx;web/src/pages/LyricsPage.tsx;web/src/pages/MetricsPage.tsx;web/src/pages/PlaylistsPage.tsx;web/src/pages/WizardPage.tsx;web/src/pages/WrapPage.tsx;web/src/services/apiClient.ts;web/src/services/eventBuffer.ts;web/src/test/setup.ts;web/src/types/index.ts;web/src/vite-env.d.ts;web/tests/a11y.test.tsx;web/tests/app_shell.test.tsx;web/tests/auth.test.tsx;web/tests/backdrop_upload.test.tsx;web/tests/backdrops.test.tsx;web/tests/collab_ui.test.tsx;web/tests/core_pages.test.tsx;web/tests/download.test.tsx;web/tests/event_buffer.test.tsx;web/tests/lyrics_screen.test.tsx;web/tests/lyrics_sync.test.tsx;web/tests/now_playing.test.tsx;web/tests/perf.test.tsx;web/tests/player.test.tsx;web/tests/player_queue.test.tsx;web/tests/playlist_ui.test.tsx;web/tests/realtime_client.test.tsx;web/tests/recommendations.test.tsx;web/tests/search.test.tsx;web/tests/wizard.test.tsx;web/tests/wrap_ui.test.tsx;web/tsconfig.app.json;web/tsconfig.json;web/tsconfig.node.json;web/vite.config.ts"
"40","F18-3","Core pages","web","DONE","Every documented feature has a reachable page","web/tests/core_pages.test.tsx","True","15d41bd","True","web/.gitignore;web/.oxlintrc.json;web/README.md;web/index.html;web/package-lock.json;web/package.json;web/public/favicon.svg;web/public/icons.svg;web/src/App.css;web/src/App.tsx;web/src/assets/hero.png;web/src/assets/react.svg;web/src/assets/vite.svg;web/src/components/AuthPage.tsx;web/src/components/CollaborationUI.tsx;web/src/components/DownloadUI.tsx;web/src/components/GenerationWizard.tsx;web/src/components/LyricsScreen.tsx;web/src/components/Navigation.tsx;web/src/components/NowPlayingBar.tsx;web/src/components/PerformanceDashboard.tsx;web/src/components/PlaylistUI.tsx;web/src/components/QueueDrawer.tsx;web/src/components/RecommendationUI.tsx;web/src/components/SearchUI.tsx;web/src/components/WrapUI.tsx;web/src/context/AuthContext.tsx;web/src/context/BackdropContext.tsx;web/src/context/PlayerContext.tsx;web/src/data/mockData.ts;web/src/index.css;web/src/main.tsx;web/src/pages/DiscoverPage.tsx;web/src/pages/LyricsPage.tsx;web/src/pages/MetricsPage.tsx;web/src/pages/PlaylistsPage.tsx;web/src/pages/WizardPage.tsx;web/src/pages/WrapPage.tsx;web/src/services/apiClient.ts;web/src/services/eventBuffer.ts;web/src/test/setup.ts;web/src/types/index.ts;web/src/vite-env.d.ts;web/tests/a11y.test.tsx;web/tests/app_shell.test.tsx;web/tests/auth.test.tsx;web/tests/backdrop_upload.test.tsx;web/tests/backdrops.test.tsx;web/tests/collab_ui.test.tsx;web/tests/core_pages.test.tsx;web/tests/download.test.tsx;web/tests/event_buffer.test.tsx;web/tests/lyrics_screen.test.tsx;web/tests/lyrics_sync.test.tsx;web/tests/now_playing.test.tsx;web/tests/perf.test.tsx;web/tests/player.test.tsx;web/tests/player_queue.test.tsx;web/tests/playlist_ui.test.tsx;web/tests/realtime_client.test.tsx;web/tests/recommendations.test.tsx;web/tests/search.test.tsx;web/tests/wizard.test.tsx;web/tests/wrap_ui.test.tsx;web/tsconfig.app.json;web/tsconfig.json;web/tsconfig.node.json;web/vite.config.ts"
"41","F18-4","Real-time clients","web","DONE","Network drops recover without page refresh","web/tests/realtime_client.test.tsx","True","15d41bd","True","web/.gitignore;web/.oxlintrc.json;web/README.md;web/index.html;web/package-lock.json;web/package.json;web/public/favicon.svg;web/public/icons.svg;web/src/App.css;web/src/App.tsx;web/src/assets/hero.png;web/src/assets/react.svg;web/src/assets/vite.svg;web/src/components/AuthPage.tsx;web/src/components/CollaborationUI.tsx;web/src/components/DownloadUI.tsx;web/src/components/GenerationWizard.tsx;web/src/components/LyricsScreen.tsx;web/src/components/Navigation.tsx;web/src/components/NowPlayingBar.tsx;web/src/components/PerformanceDashboard.tsx;web/src/components/PlaylistUI.tsx;web/src/components/QueueDrawer.tsx;web/src/components/RecommendationUI.tsx;web/src/components/SearchUI.tsx;web/src/components/WrapUI.tsx;web/src/context/AuthContext.tsx;web/src/context/BackdropContext.tsx;web/src/context/PlayerContext.tsx;web/src/data/mockData.ts;web/src/index.css;web/src/main.tsx;web/src/pages/DiscoverPage.tsx;web/src/pages/LyricsPage.tsx;web/src/pages/MetricsPage.tsx;web/src/pages/PlaylistsPage.tsx;web/src/pages/WizardPage.tsx;web/src/pages/WrapPage.tsx;web/src/services/apiClient.ts;web/src/services/eventBuffer.ts;web/src/test/setup.ts;web/src/types/index.ts;web/src/vite-env.d.ts;web/tests/a11y.test.tsx;web/tests/app_shell.test.tsx;web/tests/auth.test.tsx;web/tests/backdrop_upload.test.tsx;web/tests/backdrops.test.tsx;web/tests/collab_ui.test.tsx;web/tests/core_pages.test.tsx;web/tests/download.test.tsx;web/tests/event_buffer.test.tsx;web/tests/lyrics_screen.test.tsx;web/tests/lyrics_sync.test.tsx;web/tests/now_playing.test.tsx;web/tests/perf.test.tsx;web/tests/player.test.tsx;web/tests/player_queue.test.tsx;web/tests/playlist_ui.test.tsx;web/tests/realtime_client.test.tsx;web/tests/recommendations.test.tsx;web/tests/search.test.tsx;web/tests/wizard.test.tsx;web/tests/wrap_ui.test.tsx;web/tsconfig.app.json;web/tsconfig.json;web/tsconfig.node.json;web/vite.config.ts"
"42","F18-5","Responsiveness and accessibility","web","DONE","Key flows pass an accessibility audit","web/tests/a11y.test.tsx","True","15d41bd","True","web/.gitignore;web/.oxlintrc.json;web/README.md;web/index.html;web/package-lock.json;web/package.json;web/public/favicon.svg;web/public/icons.svg;web/src/App.css;web/src/App.tsx;web/src/assets/hero.png;web/src/assets/react.svg;web/src/assets/vite.svg;web/src/components/AuthPage.tsx;web/src/components/CollaborationUI.tsx;web/src/components/DownloadUI.tsx;web/src/components/GenerationWizard.tsx;web/src/components/LyricsScreen.tsx;web/src/components/Navigation.tsx;web/src/components/NowPlayingBar.tsx;web/src/components/PerformanceDashboard.tsx;web/src/components/PlaylistUI.tsx;web/src/components/QueueDrawer.tsx;web/src/components/RecommendationUI.tsx;web/src/components/SearchUI.tsx;web/src/components/WrapUI.tsx;web/src/context/AuthContext.tsx;web/src/context/BackdropContext.tsx;web/src/context/PlayerContext.tsx;web/src/data/mockData.ts;web/src/index.css;web/src/main.tsx;web/src/pages/DiscoverPage.tsx;web/src/pages/LyricsPage.tsx;web/src/pages/MetricsPage.tsx;web/src/pages/PlaylistsPage.tsx;web/src/pages/WizardPage.tsx;web/src/pages/WrapPage.tsx;web/src/services/apiClient.ts;web/src/services/eventBuffer.ts;web/src/test/setup.ts;web/src/types/index.ts;web/src/vite-env.d.ts;web/tests/a11y.test.tsx;web/tests/app_shell.test.tsx;web/tests/auth.test.tsx;web/tests/backdrop_upload.test.tsx;web/tests/backdrops.test.tsx;web/tests/collab_ui.test.tsx;web/tests/core_pages.test.tsx;web/tests/download.test.tsx;web/tests/event_buffer.test.tsx;web/tests/lyrics_screen.test.tsx;web/tests/lyrics_sync.test.tsx;web/tests/now_playing.test.tsx;web/tests/perf.test.tsx;web/tests/player.test.tsx;web/tests/player_queue.test.tsx;web/tests/playlist_ui.test.tsx;web/tests/realtime_client.test.tsx;web/tests/recommendations.test.tsx;web/tests/search.test.tsx;web/tests/wizard.test.tsx;web/tests/wrap_ui.test.tsx;web/tsconfig.app.json;web/tsconfig.json;web/tsconfig.node.json;web/vite.config.ts"
"43","F19-4-a-b","Retry policy","playlist, wrap","DONE","Exp backoff, full jitter, circuit breaker probe","shared/service-kit/tests/test_resilience.py","True","a66013a","True","Changelog.md;docs/TASK_LEDGER.md;shared/service-kit/tests/test_resilience.py"
"44","F19-5-c-b","Chaos tests","playlist, wrap","DONE","Results documented and repeatable","scripts/chaos.py; docs/CHAOS_RESULTS.md","False","47a38ac","True","docs/CHAOS_RESULTS.md;docs/TASK_LEDGER.md;scripts/chaos.py"
"45","F19-6-c-b","Error mapping","playlist, wrap","DONE","Every service passes shared contract test","shared/contracts/error_contract/test_errors.py","True","433ae1a","True",".gitignore;docs/TASK_LEDGER.md;playlist-service/playlist_service/main.py;playlist-service/playlist_service/service.py;shared/contracts/error_contract/test_errors.py;shared/service-kit/service_kit/errors.py;wrap-service/wrap_service/main.py"
"46","F20-1-c-b","Transport and secret hygiene","playlist, wrap","DONE","Log audit finds no sensitive values","scripts/log_audit.py","True","0fe286e","True","docs/TASK_LEDGER.md;scripts/log_audit.py;shared/service-kit/service_kit/logging.py"
"47","F20-2-c-b","Service-level authorization","playlist, wrap","DONE","Direct service calls with wrong user rejected","shared/service-kit/tests/test_service_authz.py","True","b1b8591","True","Changelog.md;Context.md;docs/TASK_LEDGER.md;playlist-service/playlist_service/main.py;shared/service-kit/tests/test_service_authz.py"
"48","F20-5-c-b","Deletion fan-out","playlist, wrap","DONE","Deleted user leaves no personal data","tests/test_deletion_fanout.py","True","3f00faa","True","docs/TASK_LEDGER.md;playlist-service/playlist_service/repository.py;playlist-service/playlist_service/routes/internal.py;playlist-service/playlist_service/service.py;playlist-service/tests/test_authz.py;tests/test_deletion_fanout.py;wrap-service/wrap_service/caching.py;wrap-service/wrap_service/main.py;wrap-service/wrap_service/routes/wrap.py"
"49","O-1-c-b","Distributed tracing","playlist, wrap","DONE","One trace spans browser through worker","tests/test_tracing.py","True","b5c1cb1","True","docs/TASK_LEDGER.md;tests/test_tracing.py"
"50","O-2-c-b","Metrics","playlist, wrap","DONE","Each metric scraped and labeled consistently","tests/test_metrics.py","True","e172c8e","True","docs/TASK_LEDGER.md;tests/test_metrics.py"
