"RequirementID","TaskID","AtomicRequirement","CodeLocation","ExistingTest","AuditTest","Verification","Evidence"
"LEDGER-1","P-5-c-b","Rolling restart in compose drops no requests or jobs","UNVERIFIED","tests/test_lifecycle.py; scripts/rolling_restart_test.sh","None","UNVERIFIED","audit/evidence/ledger_existence.csv"
"LEDGER-2","F1-8","Refresh keeps user signed in; expired session sends to sign-in","UNVERIFIED","web/tests/auth.test.tsx","None","PARTIAL: aggregate Vitest passed; no independent criterion probe","audit/logs/web_vitest.log"
"LEDGER-3","F2-6","Fast typing = one request per pause; errors show retry","UNVERIFIED","web/tests/search.test.tsx","None","PARTIAL: aggregate Vitest passed; no independent criterion probe","audit/logs/web_vitest.log"
"LEDGER-4","F3-18","Long track keeps playing across a link expiry","UNVERIFIED","web/tests/player.test.tsx","None","PARTIAL: aggregate Vitest passed; no independent criterion probe","audit/logs/web_vitest.log"
"LEDGER-5","F3-19-b","Dashboards show p95 vs targets","UNVERIFIED","web/tests/perf.test.tsx","None","PARTIAL: aggregate Vitest passed; no independent criterion probe","audit/logs/web_vitest.log"
"LEDGER-6","F5-7","Renders with missing fields; updates after enrichment","UNVERIFIED","web/tests/now_playing.test.tsx","None","PARTIAL: aggregate Vitest passed; no independent criterion probe","audit/logs/web_vitest.log"
"LEDGER-7","F6-3","Works on desktop and mobile browsers","UNVERIFIED","web/tests/download.test.tsx","None","PARTIAL: aggregate Vitest passed; no independent criterion probe","audit/logs/web_vitest.log"
"LEDGER-8","F7-11","Interactions appear in activity data","UNVERIFIED","web/tests/recommendations.test.tsx","None","PARTIAL: aggregate Vitest passed; no independent criterion probe","audit/logs/web_vitest.log"
"LEDGER-9","F9-3-b","Drafts expire cleanly","UNVERIFIED","playlist-service/tests/test_drafts.py","None","UNVERIFIED","audit/evidence/ledger_existence.csv"
"LEDGER-10","F9-4","Failed save leaves no partial playlist","UNVERIFIED","playlist-service/tests/test_save_draft.py","None","UNVERIFIED","audit/evidence/ledger_existence.csv"
"LEDGER-11","F9-5","Generate, adjust, save without leaving the flow","UNVERIFIED","web/tests/wizard.test.tsx","None","PARTIAL: aggregate Vitest passed; no independent criterion probe","audit/logs/web_vitest.log"
"LEDGER-12","F10-1","Authz tests cover every role on every route","UNVERIFIED","playlist-service/tests/test_authz.py","None","UNVERIFIED","audit/evidence/ledger_existence.csv"
"LEDGER-13","F10-2","Two concurrent edits = one success + one conflict","UNVERIFIED","playlist-service/tests/test_optimistic_lock.py","None","UNVERIFIED","audit/evidence/ledger_existence.csv"
"LEDGER-14","F10-3","Moving an item never rewrites the list","UNVERIFIED","playlist-service/tests/test_fractional.py","None","UNVERIFIED","audit/evidence/ledger_existence.csv"
"LEDGER-15","F10-4","All operations atomic and logged","UNVERIFIED","playlist-service/tests/test_items_atomic.py","None","UNVERIFIED","audit/evidence/ledger_existence.csv"
"LEDGER-16","F10-5-a-b","Playback endpoint returns ordered items; context caps at 50","UNVERIFIED","playlist-service/tests/test_playback_context.py","None","UNVERIFIED","audit/evidence/ledger_existence.csv"
"LEDGER-17","F10-6","Stale edit shows clear message and recovers, no data loss","UNVERIFIED","web/tests/playlist_ui.test.tsx","None","PARTIAL: aggregate Vitest passed; no independent criterion probe","audit/logs/web_vitest.log"
"LEDGER-18","F11-1","Invite redeemable once; expired fail","UNVERIFIED","playlist-service/tests/test_invites.py","None","UNVERIFIED","audit/evidence/ledger_existence.csv"
"LEDGER-19","F11-2-a","Handshake validates auth; 50 socket cluster limit enforced","UNVERIFIED","playlist-service/tests/test_ws_connection.py","None","UNVERIFIED","audit/evidence/ledger_existence.csv"
"LEDGER-20","F11-3","Viewer's edit rejected on open socket","UNVERIFIED","playlist-service/tests/test_ws_protocol.py","None","UNVERIFIED","audit/evidence/ledger_existence.csv"
"LEDGER-21","F11-4","Concurrent edits converge for all participants","UNVERIFIED","playlist-service/tests/test_ws_convergence.py","None","UNVERIFIED","audit/evidence/ledger_existence.csv"
"LEDGER-22","F11-5","Clients on different instances see each other's edits","UNVERIFIED","playlist-service/tests/test_ws_pubsub.py","None","UNVERIFIED","audit/evidence/ledger_existence.csv"
"LEDGER-23","F11-6","Rolling deploy causes reconnects without data loss","UNVERIFIED","playlist-service/tests/test_ws_shutdown.py","None","UNVERIFIED","audit/evidence/ledger_existence.csv"
"LEDGER-24","F12-1-b","Rapid editing = one suggestion job per window","UNVERIFIED","playlist-service/tests/test_collab_ai_trigger.py","None","UNVERIFIED","audit/evidence/ledger_existence.csv"
"LEDGER-25","F12-3-b","Accepted songs added via normal versioned edit path","UNVERIFIED","playlist-service/tests/test_broadcast_suggestions.py","None","UNVERIFIED","audit/evidence/ledger_existence.csv"
"LEDGER-26","F12-4","Two browsers edit same playlist and stay in sync","UNVERIFIED","web/tests/collab_ui.test.tsx","None","PARTIAL: aggregate Vitest passed; no independent criterion probe","audit/logs/web_vitest.log"
"LEDGER-27","F13-3","Seeking updates highlighted line instantly","UNVERIFIED","web/tests/lyrics_sync.test.tsx","None","PARTIAL: aggregate Vitest passed; no independent criterion probe","audit/logs/web_vitest.log"
"LEDGER-28","F14-1","Lyrics readable on every backdrop","UNVERIFIED","web/tests/backdrops.test.tsx","None","PARTIAL: aggregate Vitest passed; no independent criterion probe","audit/logs/web_vitest.log"
"LEDGER-29","F14-2-b","Disguised non-images rejected","UNVERIFIED","web/tests/backdrop_upload.test.tsx","None","PARTIAL: aggregate Vitest passed; no independent criterion probe","audit/logs/web_vitest.log"
"LEDGER-30","F14-4","Works end to end on desktop and phone","UNVERIFIED","web/tests/lyrics_screen.test.tsx","None","PARTIAL: aggregate Vitest passed; no independent criterion probe","audit/logs/web_vitest.log"
"LEDGER-31","F15-4","Closing the tab does not lose events","UNVERIFIED","web/tests/event_buffer.test.tsx","None","PARTIAL: aggregate Vitest passed; no independent criterion probe","audit/logs/web_vitest.log"
"LEDGER-32","F17-1","Definitions in docs + edge-case unit tests","UNVERIFIED","wrap-service/tests/test_metrics_defs.py","None","UNVERIFIED","audit/evidence/ledger_existence.csv"
"LEDGER-33","F17-2","Output matches hand-calculated fixture","UNVERIFIED","wrap-service/tests/test_aggregator.py","None","UNVERIFIED","audit/evidence/ledger_existence.csv"
"LEDGER-34","F17-3","Reruns never double-compute","UNVERIFIED","wrap-service/tests/test_scheduler.py","None","UNVERIFIED","audit/evidence/ledger_existence.csv"
"LEDGER-35","F17-4","Refresh limit returns 429 + Retry-After","UNVERIFIED","wrap-service/tests/test_wrap_endpoints.py","None","UNVERIFIED","audit/evidence/ledger_existence.csv"
"LEDGER-36","F17-5","Repeated reads hit cache","UNVERIFIED","wrap-service/tests/test_wrap_cache.py","None","UNVERIFIED","audit/evidence/ledger_existence.csv"
"LEDGER-37","F17-6","Renders correctly for little or no history","UNVERIFIED","web/tests/wrap_ui.test.tsx","None","PARTIAL: aggregate Vitest passed; no independent criterion probe","audit/logs/web_vitest.log"
"LEDGER-38","F18-1-a","Traceparent injected, CSRF attached, SSE reconnection","UNVERIFIED","web/tests/app_shell.test.tsx","None","PARTIAL: aggregate Vitest passed; no independent criterion probe","audit/logs/web_vitest.log"
"LEDGER-39","F18-2","Playback persists across route changes","UNVERIFIED","web/tests/player_queue.test.tsx","None","PARTIAL: aggregate Vitest passed; no independent criterion probe","audit/logs/web_vitest.log"
"LEDGER-40","F18-3","Every documented feature has a reachable page","UNVERIFIED","web/tests/core_pages.test.tsx","None","PARTIAL: aggregate Vitest passed; no independent criterion probe","audit/logs/web_vitest.log"
"LEDGER-41","F18-4","Network drops recover without page refresh","UNVERIFIED","web/tests/realtime_client.test.tsx","None","PARTIAL: aggregate Vitest passed; no independent criterion probe","audit/logs/web_vitest.log"
"LEDGER-42","F18-5","Key flows pass an accessibility audit","UNVERIFIED","web/tests/a11y.test.tsx","None","PARTIAL: aggregate Vitest passed; no independent criterion probe","audit/logs/web_vitest.log"
"LEDGER-43","F19-4-a-b","Exp backoff, full jitter, circuit breaker probe","UNVERIFIED","shared/service-kit/tests/test_resilience.py","None","UNVERIFIED","audit/evidence/ledger_existence.csv"
"LEDGER-44","F19-5-c-b","Results documented and repeatable","UNVERIFIED","scripts/chaos.py; docs/CHAOS_RESULTS.md","None","UNVERIFIED","audit/evidence/ledger_existence.csv"
"LEDGER-45","F19-6-c-b","Every service passes shared contract test","UNVERIFIED","shared/contracts/error_contract/test_errors.py","None","UNVERIFIED","audit/evidence/ledger_existence.csv"
"LEDGER-46","F20-1-c-b","Log audit finds no sensitive values","UNVERIFIED","scripts/log_audit.py","None","UNVERIFIED","audit/evidence/ledger_existence.csv"
"LEDGER-47","F20-2-c-b","Direct service calls with wrong user rejected","UNVERIFIED","shared/service-kit/tests/test_service_authz.py","None","UNVERIFIED","audit/evidence/ledger_existence.csv"
"LEDGER-48","F20-5-c-b","Deleted user leaves no personal data","UNVERIFIED","tests/test_deletion_fanout.py","None","UNVERIFIED","audit/evidence/ledger_existence.csv"
"LEDGER-49","O-1-c-b","One trace spans browser through worker","UNVERIFIED","tests/test_tracing.py","None","UNVERIFIED","audit/evidence/ledger_existence.csv"
"LEDGER-50","O-2-c-b","Each metric scraped and labeled consistently","UNVERIFIED","tests/test_metrics.py","None","UNVERIFIED","audit/evidence/ledger_existence.csv"
